ncbiproteinid	ncbigeneid	uniprotid	symbol	name	organism	aa_len	sequence
NP_003947	9023	O95992	CH25H	cholesterol 25-hydroxylase	Homo sapiens	272	MSCHNCSDPQVLCSSGQLFLQPLWDHLRSWEALLQSPFFPVIFSITTYVGFCLPFVVLDILCSWVPALRRYKIHPDFSPSAQQLLPCLGQTLYQHVMFVFPVTLLHWARSPALLPHEAPELLLLLHHILFCLLLFDMEFFVWHLLHHKVPWLYRTFHKVHHQNSSSFALATQYMSVWELFSLGFFDMMNVTLLGCHPLTTLTFHVVNIWLSVEDHSGYNFPWSTHRLVPFGWYGGVVHHDLHHSHFNCNFAPYFTHWDKILGTLRTASVPAR
NP_002970	6342	P22307	SCP2	sterol carrier protein 2	Homo sapiens	547	MSSSPWEPATLRRVFVVGVGMTKFVKPGAENSRDYPDLAEEAGKKALADAQIPYSAVDQACVGYVFGDSTCGQRAIYHSLGMTGIPIINVNNNCATGSTALFMARQLIQGGVAECVLALGFEKMSKGSLGIKFSDRTIPTDKHVDLLINKYGLSAHPVAPQMFGYAGKEHMEKYGTKIEHFAKIGWKNHKHSVNNPYSQFQDEYSLDEVMASKEVFDFLTILQCCPTSDGAAAAILASEAFVQKYGLQSKAVEILAQEMMTDLPSSFEEKSIIKMVGFDMSKEAARKCYEKSGLTPNDIDVIELHDCFSTNELLTYEALGLCPEGQGATLVDRGDNTYGGKWVINPSGGLISKGHPLGATGLAQCAELCWQLRGEAGKRQVPGAKVALQHNLGIGGAVVVTLYKMGFPEAASSFRTHQIEAVPTSSASDGFKANLVFKEIEKKLEEEGEQFVKKIGGIFAFKVKDGPGGKEATWVVDVKNGKGSVLPNSDKKADCTITMADSDFLALMTGKMNPQSAFFQGKLKITGNMGLAMKLQNLQLQPGNAKL
NP_001809	1109	P17516	AKR1C4	aldo-keto reductase family 1 member C4	Homo sapiens	323	MDPKYQRVELNDGHFMPVLGFGTYAPPEVPRNRAVEVTKLAIEAGFRHIDSAYLYNNEEQVGLAIRSKIADGSVKREDIFYTSKLWCTFFQPQMVQPALESSLKKLQLDYVDLYLLHFPMALKPGETPLPKDENGKVIFDTVDLSATWEVMEKCKDAGLAKSIGVSNFNCRQLEMILNKPGLKYKPVCNQVECHPYLNQSKLLDFCKSKDIVLVAHSALGTQRHKLWVDPNSPVLLEDPVLCALAKKHKRTPALIALRYQLQRGVVVLAKSYNEQRIRENIQVFEFQLTSEDMKVLDGLNRNYRYVVMDFLMDHPDYPFSDEY
NP_006659	10858	Q9Y6A2	CYP46A1	cytochrome P450 family 46 subfamily A member 1	Homo sapiens	500	MSPGLLLLGSAVLLAFGLCCTFVHRARSRYEHIPGPPRPSFLLGHLPCFWKKDEVGGRVLQDVFLDWAKKYGPVVRVNVFHKTSVIVTSPESVKKFLMSTKYNKDSKMYRALQTVFGERLFGQGLVSECNYERWHKQRRVIDLAFSRSSLVSLMETFNEKAEQLVEILEAKADGQTPVSMQDMLTYTAMDILAKAAFGMETSMLLGAQKPLSQAVKLMLEGITASRNTLAKFLPGKRKQLREVRESIRFLRQVGRDWVQRRREALKRGEEVPADILTQILKAEEGAQDDEGLLDNFVTFFIAGHETSANHLAFTVMELSRQPEIVARLQAEVDEVIGSKRYLDFEDLGRLQYLSQVLKESLRLYPPAWGTFRLLEEETLIDGVRVPGNTPLLFSTYVMGRMDTYFEDPLTFNPDRFGPGAPKPRFTYFPFSLGHRSCIGQQFAQMEVKVVMAKLLQRLEFRLVPGQRFGLQEQATLKPLDPVLCTLRPRGWQPAPPPPPC
NP_001121082	570	Q14032	BAAT	bile acid-CoA:amino acid N-acyltransferase	Homo sapiens	418	MIQLTATPVSALVDEPVHIRATGLIPFQMVSFQASLEDENGDMFYSQAHYRANEFGEVDLNHASSLGGDYMGVHPMGLFWSLKPEKLLTRLLKRDVMNRPFQVQVKLYDLELIVNNKVASAPKASLTLERWYVAPGVTRIKVREGRLRGALFLPPGEGLFPGVIDLFGGLGGLLEFRASLLASRGFASLALAYHNYEDLPRKPEVTDLEYFEEAANFLLRHPKVFGSGVGVVSVCQGVQIGLSMAIYLKQVTATVLINGTNFPFGIPQVYHGQIHQPLPHSAQLISTNALGLLELYRTFETTQVGASQYLFPIEEAQGQFLFIVGEGDKTINSKAHAEQAIGQLKRHGKNNWTLLSYPGAGHLIEPPYSPLCCASTTHDLRLHWGGEVIPHAAAQEHAWKEIQRFLRKHLIPDVTSQL
NP_004382	1582	Q9UNU6	CYP8B1	cytochrome P450 family 8 subfamily B member 1	Homo sapiens	501	MVLWGPVLGALLVVIAGYLCLPGMLRQRRPWEPPLDKGTVPWLGHAMAFRKNMFEFLKRMRTKHGDVFTVQLGGQYFTFVMDPLSFGSILKDTQRKLDFGQYAKKLVLKVFGYRSVQGDHEMIHSASTKHLRGDGLKDLNETMLDSLSFVMLTSKGWSLDASCWHEDSLFRFCYYILFTAGYLSLFGYTKDKEQDLLQAGELFMEFRKFDLLFPRFVYSLLWPREWLEVGRLQRLFHKMLSVSHSQEKEGISNWLGNMLQFLREQGVPSAMQDKFNFMMLWASQGNTGPTSFWALLYLLKHPEAIRAVREEATQVLGEARLETKQSFAFKLGALQHTPVLDSVVEETLRLRAAPTLLRLVHEDYTLKMSSGQEYLFRHGDILALFPYLSVHMDPDIHPEPTVFKYDRFLNPNGSRKVDFFKTGKKIHHYTMPWGSGVSICPGRFFALSEVKLFILLMVTHFDLELVDPDTPLPHVDPQRWGFGTMQPSHDVRFRYRLHPTE
NP_036386	10998	Q9Y2P5	SLC27A5	solute carrier family 27 member 5	Homo sapiens	690	MGVRQQLALLLLLLLLLWGLGQPVWPVAVALTLRWLLGDPTCCVLLGLAMLARPWLGPWVPHGLSLAAAALALTLLPARLPPGLRWLPADVIFLAKILHLGLKIRGCLSRQPPDTFVDAFERRARAQPGRALLVWTGPGAGSVTFGELDARACQAAWALKAELGDPASLCAGEPTALLVLASQAVPALCMWLGLAKLGCPTAWINPHGRGMPLAHSVLSSGARVLVVDPDLRESLEEILPKLQAENIRCFYLSHTSPTPGVGALGAALDAAPSHPVPADLRAGITWRSPALFIYTSGTTGLPKPAILTHERVLQMSKMLSLSGATADDVVYTVLPLYHVMGLVVGILGCLDLGATCVLAPKFSTSCFWDDCRQHGVTVILYVGELLRYLCNIPQQPEDRTHTVRLAMGNGLRADVWETFQQRFGPIRIWEVYGSTEGNMGLVNYVGRCGALGKMSCLLRMLSPFELVQFDMEAAEPVRDNQGFCIPVGLGEPGLLLTKVVSQQPFVGYRGPRELSERKLVRNVRQSGDVYYNTGDVLAMDREGFLYFRDRLGDTFRWKGENVSTHEVEGVLSQVDFLQQVNVYGVCVPGCEGKVGMAAVQLAPGQTFDGEKLYQHVRAWLPAYATPHFIRIQDAMEVTSTFKLMKTRLVREGFNVGIVVDPLFVLDNRAQSFRPLTAEMYQAVCEGTWRL
NP_000771	1581	P22680	CYP7A1	cytochrome P450 family 7 subfamily A member 1	Homo sapiens	504	MMTTSLIWGIAIAACCCLWLILGIRRRQTGEPPLENGLIPYLGCALQFGANPLEFLRANQRKHGHVFTCKLMGKYVHFITNPLSYHKVLCHGKYFDWKKFHFATSAKAFGHRSIDPMDGNTTENINDTFIKTLQGHALNSLTESMMENLQRIMRPPVSSNSKTAAWVTEGMYSFCYRVMFEAGYLTIFGRDLTRRDTQKAHILNNLDNFKQFDKVFPALVAGLPIHMFRTAHNAREKLAESLRHENLQKRESISELISLRMFLNDTLSTFDDLEKAKTHLVVLWASQANTIPATFWSLFQMIRNPEAMKAATEEVKRTLENAGQKVSLEGNPICLSQAELNDLPVLDSIIKESLRLSSASLNIRTAKEDFTLHLEDGSYNIRKDDIIALYPQLMHLDPEIYPDPLTFKYDRYLDENGKTKTTFYCNGLKLKYYYMPFGSGATICPGRLFAIHEIKQFLILMLSYFELELIEGQAKCPPLDQSRAGLGILPPLNDIEFKYKFKHL
NP_000775	1593	Q02318	CYP27A1	cytochrome P450 family 27 subfamily A member 1	Homo sapiens	531	MAALGCARLRWALRGAGRGLCPHGARAKAAIPAALPSDKATGAPGAGPGVRRRQRSLEEIPRLGQLRFFFQLFVQGYALQLHQLQVLYKAKYGPMWMSYLGPQMHVNLASAPLLEQVMRQEGKYPVRNDMELWKEHRDQHDLTYGPFTTEGHHWYQLRQALNQRLLKPAEAALYTDAFNEVIDDFMTRLDQLRAESASGNQVSDMAQLFYYFALEAICYILFEKRIGCLQRSIPEDTVTFVRSIGLMFQNSLYATFLPKWTRPVLPFWKRYLDGWNAIFSFGKKLIDEKLEDMEAQLQAAGPDGIQVSGYLHFLLASGQLSPREAMGSLPELLMAGVDTTSNTLTWALYHLSKDPEIQEALHEEVVGVVPAGQVPQHKDFAHMPLLKAVLKETLRLYPVVPTNSRIIEKEIEVDGFLFPKNTQFVFCHYVVSRDPTAFSEPESFQPHRWLRNSQPATPRIQHPFGSVPFGYGVRACLGRRIAELEMQLLLARLIQKYKVVLAPETGELKSVARIVLVPNKKVGLQFLQRQC
NP_000405	3295	P51659	HSD17B4	hydroxysteroid 17-beta dehydrogenase 4	Homo sapiens	736	MGSPLRFDGRVVLVTGAGAGLGRAYALAFAERGALVVVNDLGGDFKGVGKGSLAADKVVEEIRRRGGKAVANYDSVEEGEKVVKTALDAFGRIDVVVNNAGILRDRSFARISDEDWDIIHRVHLRGSFQVTRAAWEHMKKQKYGRIIMTSSASGIYGNFGQANYSAAKLGLLGLANSLAIEGRKSNIHCNTIAPNAGSRMTQTVMPEDLVEALKPEYVAPLVLWLCHESCEENGGLFEVGAGWIGKLRWERTLGAIVRQKNHPMTPEAVKANWKKICDFENASKPQSIQESTGSIIEVLSKIDSEGGVSANHTSRATSTATSGFAGAIGQKLPPFSYAYTELEAIMYALGVGASIKDPKDLKFIYEGSSDFSCLPTFGVIIGQKSMMGGGLAEIPGLSINFAKVLHGEQYLELYKPLPRAGKLKCEAVVADVLDKGSGVVIIMDVYSYSEKELICHNQFSLFLVGSGGFGGKRTSDKVKVAVAIPNRPPDAVLTDTTSLNQAALYRLSGDWNPLHIDPNFASLAGFDKPILHGLCTFGFSARRVLQQFADNDVSRFKAIKARFAKPVYPGQTLQTEMWKEGNRIHFQTKVQETGDIVISNAYVDLAPTSGTSAKTPSEGGKLQSTFVFEEIGRRLKDIGPEVVKKVNAVFEWHITKGGNIGAKWTIDLKSGSGKVYQGPAKGAADTTIILSDEDFMEVVLGKLDPQKAFFSGRLKARGNIMLSQKLQMILKDYAKL
NP_005460	10005	O14734	ACOT8	acyl-CoA thioesterase 8	Homo sapiens	319	MSSPQAPEDGQGCGDRGDPPGDLRSVLVTTVLNLEPLDEDLFRGRHYWVPAKRLFGGQIVGQALVAAAKSVSEDVHVHSLHCYFVRAGDPKLPVLYQVERTRTGSSFSVRSVKAVQHGKPIFICQASFQQAQPSPMQHQFSMPTVPPPEELLDCETLIDQYLRDPNLQKRYPLALNRIAAQEVPIEIKPVNPSPLSQLQRMEPKQMFWVRARGYIGEGDMKMHCCVAAYISDYAFLGTALLPHQWQHKVHFMVSLDHSMWFHAPFRADHWMLYECESPWAGGSRGLVHGRLWRQDGVLAVTCAQEGVIRVKPQVSESKL
NP_005980	6718	P51857	AKR1D1	aldo-keto reductase family 1 member D1	Homo sapiens	326	MDLSAASHRIPLSDGNSIPIIGLGTYSEPKSTPKGACATSVKVAIDTGYRHIDGAYIYQNEHEVGEAIREKIAEGKVRREDIFYCGKLWATNHVPEMVRPTLERTLRVLQLDYVDLYIIEVPMAFKPGDEIYPRDENGKWLYHKSNLCATWEAMEACKDAGLVKSLGVSNFNRRQLELILNKPGLKHKPVSNQVECHPYFTQPKLLKFCQQHDIVITAYSPLGTSRNPIWVNVSSPPLLKDALLNSLGKRYNKTAAQIVLRFNIQRGVVVIPKSFNLERIKENFQIFDFSLTEEEMKDIEALNKNVRFVELLMWRDHPEYPFHDEY
NP_055139	23600	Q9UHK6	AMACR	alpha-methylacyl-CoA racemase	Homo sapiens	382	MALQGISVVELSGLAPGPFCAMVLADFGARVVRVDRPGSRYDVSRLGRGKRSLVLDLKQPRGAAVLRRLCKRSDVLLEPFRRGVMEKLQLGPEILQRENPRLIYARLSGFGQSGSFCRLAGHDINYLALSGVLSKIGRSGENPYAPLNLLADFAGGGLMCALGIIMALFDRTRTGKGQVIDANMVEGTAYLSSFLWKTQKLSLWEAPRGQNMLDGGAPFYTTYRTADGEFMAVGAIEPQFYELLIKGLGLKSDELPNQMSMDDWPEMKKKFADVFAEKTKAEWCQIFDGTDACVTPVLTFEEVVHHDHNKERGSFITSEEQDVSPRPAPLLLNTPAIPSFKRDPFIGEHTEEILEEFGFSREEIYQLNSDKIIESNKVKASL
NP_003491	8309	Q99424	ACOX2	acyl-CoA oxidase 2	Homo sapiens	681	MGSPVHRVSLGDTWSRQMHPDIESERYMQSFDVERLTNILDGGAQNTALRRKVESIIHSYPEFSCKDNYFMTQNERYKAAMRRAFHIRLIARRLGWLEDGRELGYAYRALSGDVALNIHRVFVRALRSLGSEEQIAKWDPLCKNIQIIATYAQTELGHGTYLQGLETEATYDAATQEFVIHSPTLTATKWWPGDLGRSATHALVQAQLICSGARRGMHAFIVPIRSLQDHTPLPGIIIGDIGPKMDFDQTDNGFLQLNHVRVPRENMLSRFAQVLPDGTYVKLGTAQSNYLPMVVVRVELLSGEILPILQKACVIAMRYSVIRRQSRLRPSDPEAKVLDYQTQQQKLFPQLAISYAFHFLAVSLLEFFQHSYTAILNQDFSFLPELHALSTGMKAMMSEFCTQGAEMCRRACGGHGYSKLSGLPSLVTKLSASCTYEGENTVLYLQVARFLVKSYLQTQMSPGSTPQRSLSPSVAYLTAPDLARCPAQRAADFLCPELYTTAWAHVAVRLIKDSVQHLQTLTQSGADQHEAWNQTTVIHLQAAKVHCYYVTVKGFTEALEKLENEPAIQQVLKRLCDLHAIHGILTNSGDFLHDAFLSGAQVDMARTAYLDLLRLIRKDAILLTDAFDFTDQCLNSALGCYDGNVYERLFQWAQKSPTNTQENPAYEEYIRPLLQSWRSKL
NP_079469	80270	Q9H2F3	HSD3B7	hydroxy-delta-5-steroid dehydrogenase, 3 beta- and steroid delta-isomerase 7	Homo sapiens	369	MADSAQAQKLVYLVTGGCGFLGEHVVRMLLQREPRLGELRVFDQHLGPWLEELKTGPVRVTAIQGDVTQAHEVAAAVAGAHVVIHTAGLVDVFGRASPKTIHEVNVQGTRNVIEACVQTGTRFLVYTSSMEVVGPNTKGHPFYRGNEDTPYEAVHRHPYPCSKALAEWLVLEANGRKVRGGLPLVTCALRPTGIYGEGHQIMRDFYRQGLRLGGWLFRAIPASVEHGRVYVGNVAWMHVLAARELEQRATLMGGQVYFCYDGSPYRSYEDFNMEFLGPCGLRLVGARPLLPYWLLVFLAALNALLQWLLRPLVLYAPLLNPYTLAVANTTFTVSTDKAQRHFGYEPLFSWEDSRTRTILWVQAATGSAQ
NP_057677	51302	Q9NYL5	CYP39A1	cytochrome P450 family 39 subfamily A member 1	Homo sapiens	469	MELISPTVIIILGCLALFLLLQRKNLRRPPCIKGWIPWIGVGFEFGKAPLEFIEKARIKYGPIFTVFAMGNRMTFVTEEEGINVFLKSKKVDFELAVQNIVYRTASIPKNVFLALHEKLYIMLKGKMGTVNLHQFTGQLTEELHEQLENLGTHGTMDLNNLVRHLLYPVTVNMLFNKSLFSTNKKKIKEFHQYFQVYDEDFEYGSQLPECLLRNWSKSKKWFLELFEKNIPDIKACKSAKDNSMTLLQATLDIVETETSKENSPNYGLLLLWASLSNAVPVAFWTLAYVLSHPDIHKAIMEGISSVFGKAGKDKIKVSEDDLENLLLIKWCVLETIRLKAPGVITRKVVKPVEILNYIIPSGDLLMLSPFWLHRNPKYFPEPELFKPERWKKANLEKHSFLDCFMAFGSGKFQCPARWFALLEVQMCIILILYKYDCSLLDPLPKQSYLHLVGVPQPEGQCRIEYKQRI
NP_004811	9420	O75881	CYP7B1	cytochrome P450 family 7 subfamily B member 1	Homo sapiens	506	MAGEVSAATGRFSLERLGLPGLALAAALLLLALCLLVRRTRRPGEPPLIKGWLPYLGVVLNLRKDPLRFMKTLQKQHGDTFTVLLGGKYITFILDPFQYQLVIKNHKQLSFRVFSNKLLEKAFSISQLQKNHDMNDELHLCYQFLQGKSLDILLESMMQNLKQVFEPQLLKTTSWDTAELYPFCSSIIFEITFTTIYGKVIVCDNNKFISELRDDFLKFDDKFAYLVSNIPIELLGNVKSIREKIIKCFSSEKLAKMQGWSEVFQSRQDVLEKYYVHEDLEIGAHHLGFLWASVANTIPTMFWAMYYLLRHPEAMAAVRDEIDRLLQSTGQKKGSGFPIHLTREQLDSLICLESSIFEALRLSSYSTTIRFVEEDLTLSSETGDYCVRKGDLVAIFPPVLHGDPEIFEAPEEFRYDRFIEDGKKKTTFFKRGKKLKCYLMPFGTGTSKCPGRFFALMEIKQLLVILLTYFDLEIIDDKPIGLNYSRLLFGIQYPDSDVLFRYKVKS
